grid_size,elapsed_time,cpu_usage,memory_usage
1,0.10022955597378314,41.9864096883571,0
2,0.10030457295943052,7.110827342721911,0
3,0.10028954106383026,0.16955407134246048,0
4,0.10046471597161144,0.34109686842647435,0
5,0.10071291006170213,0.5406387320881806,0
